0,1
leurocidin,GWGSFFKKAAHVGKHVGKAALTHYL
L-37,LLGDFFRKSKEKIGKEFKRIVQRIKDFLRNLVPRTES
MAP-27,GRFKRFRKKFKKLFKKLSPVIPLLHL
MAP-28,GGLRSLGRKILRAWKKYGPIIVPIIRI
MAP-29,RGLRRLGRKIAHGVKKYGPTVLRIIRIA
SL,KKVVFKVKFK
"2,5,12W",RWGRWLRKIRRWRPK
L-31,LLGDFFRKSKEKIGKEFKRIVQRIKDFLRNL
L7-31,RKSKEKIGKEFKRIVQRIKDFLRNL
L13-37,IGKEFKRIVQRIKDFLRNLVPRTES
L7-37,RKSKEKIGKEFKRIVQRIKDFLRNLVPRTES
L-19,LLGDFFRKSKEKIGKEFKR
L-25,LLGDFFRKSKEKIGKEFKRIVQRIK
L-13,LLGDFFRKSKEKI
L13-31,IGKEFKRIVQRIKDFLRNL
L7-25,RKSKEKIGKEFKRIVQRIK
L13-25,IGKEFKRIVQRIK
L19-37,RIVQRIKDFLRNLVPRTES
SL-W,KKVVFWVKFK
S-30,KSKEKIGKEFKRIVQRIKDFLRNLVPRTES
R-20,KRIVQRIKDFLRNLVPRTES
R-12,KRIVQRIKDFLR
eta-Defensin 3,GIINTLQKYYCRVRGGRCAVLSCLPKEEQIGKCSTRGRKCCRRKK
RC-16,GWKKWLRKGAKHLGQAAIK
actoferricin (17-30),FKCRRWQWRMKKLG
actoferrampin,WKLLSKAQEKFGKNKSR
UC7 12-mer-L,RKSYKCLHKRCR
10KHc,KKHRKHRKHRKHGGSGGSKNLRRIIRKGIHIIKKYG
UC7 12-mer-L4,RKSYKALHKRAR
UC7 20-mer,LAHQKPFIRKSYKCLHKRCR
againin-II,GIGKFLHSAKKFGKAFVGEIMNS
ys-a1,KIFGAIWPLALGALKNLIK
AP2,FHFFHHFFHFFHHF
SP,SGSLSTFFRLFNRSFTQALGK
SPC16,TFFRLFNRSFTQALGK
2,KNLRIIRKGIHIIKKY
16G2,TFFRLFNRSFTQALGKGGGKNLRIIRKGIHIIKKY
8G2,TFFRLFNRGGGKNLRIIRKGIHIIKKY
6L3-33,FKKFWKWFRRF
16-33,TRRRLFNRSFTQALGKSGGGFKKFWKWFRRF
8-33,TFFRLFNRSGGGFKKFWKWFRRF
isin,ITSISLCTPGCKTGALMGCNMKTATCHCSIHVSK
ndolicidin,ILPWKWPWWPWRR
ecropin A (1-7)-Melittin,KWKLFKKIGAVLKVL
H15,KRFRIRVRVIRK
ac2a,RLARIVVIRVAR
026,VQWRIRVRVIKK
029,KQFRIRVRV
036,VQFRIRVRIVIRK
037,KRFRIRVRV
H2,VQLRIRVAVIRA
002 or L1002,VQRWLIVWRIRK
003,IVWKIKRWWVGR
004,RFWKVRVKYIRF
008,RIKWIVRFR
H7,VRLRIRVAVRRA
010,IRWRIRVWVRRI
011,RRWVVWRIVQRR
012 or L1012,IFWRRIVIVKKF
013,VRLRIRVA
016,LRIRWIFKR
H8,VRLRIRVAVIRK
020,VRLRIRWWVLRK
H10,KRFRIRVAVRRA
035,KRWRWIVRNIRR
031,WRWRVRVWR
MB-2,TFFRLFNRGGGWGSFFKKAAHVGKL
ac8c,RIWVIWRR
TP-7,FLGALFKALSKLL
olothurioidin 1,HLGHHALDHLLK
sculentin-1a(1-21),GIFSKLAGKKIKNLLISGLKG
n-AFP1,LMCTHPLDCSN
oprisin,VTCDVLSFEAKGIAVNH
istatin 5,DSHAKRHHGYKRKFHEKHHSHRGY
st 5(4-15)-Spd,AKRHHGYKRKFHGGG
F17-6K,KKKKKKAAFAAWAAFAA
F21-10K,KKKKKKKKKKAAFAAWAAFAA
hrysophsin-1,FFGWLIKGAIHAGKAIHGLIHRRRH
K1,RWKRWWRRKK
K2,RKKRWWRRKK
IRIK) 2,IRIKIRIK
IRVK) 3,IRVKIRVKIRVK
G-1,RGGRLCYCRRRFCVCVGR
lpha-Defensin-3,DCYCRIPACIAGERRYGTCIYQGRLWAFCC
eta-Defensin-1,DHYNCVSSGGQCLYSACPIFTKIQGTCYRGKAKCCK
againin-I,GIGKFLHSAGKFGKAFVGEIMKS
IP,YSPWTNF
achyplesin III,KWCFRVCYRGICYRKCR
C-4,RWRWRWF
m6(L1)2C,FIKHFIHRFGGGRWRWRWF
m6(L3)2C,FIKHFIHRFSATRWRWRWF
m6(L1)B33,FIKHFIHRFGGGFKKFWKWFRRF
SN-1,FLSLIPHIVSGVASIAKHF
L13K,GKIIKLKASLKLL
K7,GQIINLK
RW)3-NH2,RWRWRW
RW)4-NH2,RWRWRWRW
asio-III,VNWKKILGKIIKVVK
elittin B,GIGAVLKVLTTGLPALISWIKRKRQQ
elimine,TLISWIKNKRKQRPRVSRRRRRRGGRRRR
elimine CysC,TLISWIKNKRKQRPRVSRRRRRRGGRRRRC
elimine Cys13,TLISWIKNKRKQCRPRVSRRRRRRGGRRRR
4-S4(1-15)a,LWKTLLKKVLKAAA
eta6-20-G3K6,NEEGFFSARGHRPLDGGGKKKKKK
epcidin 20,ICIFCCGCCHRSKCGMCCKT
A-CATH,KRFKKFFKKLKNSVKKRAKKFFKKPKVIGVTFPF
A-CATH-ATRA1-ATRA1,KRFKKFFKKLKNSVKKRFKKFFKKLKVIGVTFPF
actoferricin B (17-41),FKCRRWQWRMKKLGAPSITCVRRAF
crambled LL-37,GLKLRFEFSKIKGEFLKTPEVRFRDIKLKDNRISVQR
itropin 1.1,GLFDVIKKVASVIGGL
-FV-I16,RFRRLFRIRVRVLKKI
V7,FRIRVRV
S2,KWFWKFVKFVK
-K6,IKKILSKIKKLLK
Lf1-11,GRRRRSVQWCA
S3,YAPWTNF
et-213,KRWWKWWRRC
010cys,IRWRIRVWVRRIC
et-20,KRWRIRVRVIRKC
et-26,WIVVIWRRKRRRC
S8,YAPWTNA
hromofungin,RILSILRHQNLLKELQDLAL
ecropin B,KWKVFKKIEKMGRNIRNGIVKAGPAIAVLGEAKAL
againin I,GIGLFLHSAGLFGLAFVGEIMKS
MAP-18,GRWKRWRKKWKKLWKKLS
actenecin,RLCRIVVIRVCR
A-MA,KWKLFKKIGIGKFLHSAKKF
TA3,RPAFRKAAFRVMRACV
hvar4,KRLFKKLLFSLRKY
hvar5,LLLFLLKKRKKRKY
ABT-AMP,GIWKKWIKKWLKKLLKKLWKKG
10  ,LAREYKKIVEKLKRWLRQVLRTLR
60.4Ac    ,IGKEFKRIVERIKRFLRELVRPLR
SIP108,MLCVLQGLRE
-OSIP108,ELRLVCMGQL
CYC2]OSIP108,MLCVLQGLREGG
CYC3]OSIP108,MLCVLQGLREC
018 or IDR-1018,VRLIVAVRIWRR
E1 or RI1018,RRWIRVAVILRV
E2,VRLIRAVRAWRV
E3,VRWARVARILRV
E4,VRLIWAVRIWRR
E10,VRLIVRIWRR
E12,RFKRVARVIW
L13KR1,IGIKLLKSKLKAL
IKIK)2,IKIKIKIK
I1012,FKKVIVIRRWFI
I1002,KRIRWVILWRQV
JK1,VFLRRIRVIVIR
IJK1,RIVIVRIRRLFV
JK2,VFWRRIRVWVIR
IJK2,RIVWVRIRRWFV
JK3,VQLRAIRVRVIR
IJK3,RIVRVRIARLQV
JK4,VQLRRIRVWVIR
IJK4,RIVWVRIRRLQV
JK5,VQWRAIRVRVIR
IJK5,RIVRVRAIRWQV
JK6,VQWRRIRVWVIR
IJK6,RIVWVRIRRWQV
15,GTPGPQGIAGQRGVV
15-CSP,GTPGPQGIAGQRGVVAEAAAKEAAAKEAAAKASGSLSTFFRLFNRSFTQALGK
_GG_Nt-Dhvar5,CGGLLLFLLKKRKKRKY
T2,NGVQPKYKWWKWWKKWW
T2,NGVQPKYRWWRWWRRWW
-LF11-215,FWRIRIRR
F11-322,PFWRIRIRR
F11-324,PFFWRIRIRR
F11-227,FWRRFWRR
-ATRA-1A,krakkffkklk
TRA-2,KRAKKFFKKPK
TRA-1,KRFKKFFKKLK
ll L-K6L9,LKLLKKLLKKLLKLL
eg5L,KKKLLLLLLLLLKKK
eg6L,LLLLLKKKKKKLLLL
in-SB056,WKKIRVRLSA
in-SB056-1,KWKIRVRLSA
yxinidin2,KIKWILKYWKWS
yxinidin3,RIRWILRYWRWS
H12,GLLWHLLHHLLH
a-MAP 1.9,LAAKLTKAATKLTAALTKLAAALT
sAFP1,DGVKLCDVPSGTWSGHCGSSSKCSQQCKDREHFAYGGACHYQFPSVKCFCKRQC
AP00095,LLPIVGNLLKSLL
AP00155,RGLRRLGRKIAHGVKKYGPTVLRIIRIAG
AP00366,GRFKRFRKKFKKLFKKLSPVIPLLHLG
AP00367,GGLRSLGRKILRAWKKYGPIIVPIIRIG
AP01434,FFGSVLKLIPKIL
AP01578,GIHDILKYGKPS
AP01976,VTCDVLSFEAKGIAVNHSACALHCIALRKKGGSCQNGVCVCRN
AP02065,TFPKCAPTRPPGPKPCDINNFKSKFWHIWRA
AP02126,ILSAIWSGIKSLF
AP02204,KTKKKLLKKT
AP02235,FLGMIPGLIGGLISAFK
AP02243,VKLFPVKLFP
AP02758,FIGMIPGLIGGLISAFK
AP02759,FFGTLFKLGSKLIPGVMKLFSKKKER
AP02856,WWWLRKIW
AP02924,ALWKEVLKNAGKAALNEINNLV
AP02925,NKGCSACAIGAACLADGPIPDFEVAGITGTFGIAS
AP02928,KTKKKFLKKT
AP03001,FFRNLWKGAKAAFRAGHAAWRA
